INSERT IGNORE INTO englishbot.question (id, question)
VALUES (0, '1. George is French. ___ a French boy.'),
       (1, '2. This is a notebook. Those ___ notebooks.'),
       (2, '3. I\'m Russian. ___ English?'),
       (3, '4. I speak Italian. She ___ Japanese.'),
       (4, '5. «What ___ ?» «I\'m a student.»'),
       (5, '6. Sorry, I ___ understand.'),
       (6, '7. « ___ I have a table for two please?» «Sure.»'),
       (7, '8. Where ___ now?'),
       (8, '9. That isn\'t your umbrella. It\'s ___ .'),
       (9, '10. Look at that cloud. It ___ rain.'),
       (10, '11. No, I don\'t want ___ carrots.'),
       (11, '12. «Where ___ at the weekend?» «I was in the country.»'),
       (12, '13. «Why not go to Madame Tussauds?» «I ___ there yesterday»'),
       (13, '14. «Where ___ you yesterday?» «I didn\'t go anywhere.»'),
       (14, '15. You ___ work hard to pass the examination.'),
       (15, '16. His English is very good. He speaks Italian ___ , too.'),
       (16, '17. I ___ to Spain.'),
       (17, '18. Jane ___ the tickets.'),
       (18, '19. Don\'t go out. It ___ rain.'),
       (19, '20. Freddy ___ with a girl when I saw him.'),
       (20, '21. My cousin ___ for my birthday.'),
       (21, '22. The woman ___ came yesterday is very rich.'),
       (22, '23. Tom is good at football but John is ___ .'),
       (23, '24. Mary ___ since she left school.'),
       (24, '25. «Please be patient.» He told me ___ .'),
       (25, '26. «I\'m a shop assistant.» She told me that ___ a shop assistant.'),
       (26, '27. Annabel will come to tea if you ___ her.'),
       (27, '28. I am not as fast as you. You are ___ than I am.'),
       (28, '29. « ___ Gone with the Wind?» «Yes, I saw it on Saturday.»'),
       (29, '30. When I was a child I ___ a lot of chocolate.'),
       (30, '31. The school ___ last year.'),
       (31, '32. Mary enjoys ___ in Dublin.'),
       (32, '33. I think you\'d better ___ to the doctor.'),
       (33, '34. Dinner will be ready for you when you ___ home.'),
       (34, '35. If I were you, ___ this dress.'),
       (35, '36. «Have you washed the dishes?» Mum asked me ___ washed the dishes.'),
       (36, '37. They ___ so much they could hardly move.'),
       (37, '38. I like her. She makes me ___ .'),
       (38, '39. Would you mind ___ me a pencil, please?'),
       (39, '40. What about ___ to the movies tonight?'),
       (40, '41. I ___ here for 7 days in June.'),
       (41, '42. I wish I ___ a lot of money.'),
       (42, '43. His car is rather dirty. He ___ it before he took us for a ride.'),
       (43, '44. If you ___ gone to the party you would have seen her.'),
       (44, '45. «Where is Trafalgar Square?» She asked me where ___ .'),
       (45, '46. The streets are wet. It ___ raining.'),
       (46, '47. He doesn\'t have time to tile his kitchen himself, so he is having ___ .'),
       (47, '48. I\'d rather you ___ later. I\'m all tied up.'),
       (48, '49. If you ___ there again, what would you do?'),
       (49, '50. «Can I phone you at 7.00?» «No, it\'s too early. I ___ then.»');


INSERT IGNORE INTO englishbot.answer (id, is_right, value)
VALUES (0, false, 'It is'),
       (1, false, 'She is'),
       (2, true, 'He is'),
       (3, false, 'I am'),
       (4, false, 'is'),
       (5, false, 'am'),
       (6, true, 'are'),
       (7, false, 'be'),
       (8, false, 'You'),
       (9, true, 'Are you'),
       (10, false, 'Am I'),
       (11, false, 'You\'re'),
       (12, false, 'does speak'),
       (13, false, 'speaking'),
       (14, true, 'speaks'),
       (15, false, 'speak'),
       (16, false, 'do you'),
       (17, true, 'do you do'),
       (18, false, 'you'),
       (19, false, 'you do'),
       (20, false, 'am not'),
       (21, false, 'not'),
       (22, false, 'no'),
       (23, true, 'don\'t'),
       (24, false, 'Would'),
       (25, false, 'Must'),
       (26, true, 'Could'),
       (27, false, 'Do'),
       (28, false, 'she is studying'),
       (29, true, 'is she studying'),
       (30, false, 'studies she'),
       (31, false, 'she studying'),
       (32, false, 'they'),
       (33, false, 'my'),
       (34, false, 'him'),
       (35, true, 'mine'),
       (36, false, 'is'),
       (37, false, 'does'),
       (38, true, 'is going to'),
       (39, false, 'has'),
       (40, false, 'some'),
       (41, false, 'a'),
       (42, false, 'no'),
       (43, true, 'any'),
       (44, false, 'you were'),
       (45, true, 'were you'),
       (46, false, 'you'),
       (47, false, 'you were'),
       (48, true, 'went'),
       (49, false, 'go'),
       (50, false, 'gone'),
       (51, false, 'going'),
       (52, false, 'went you'),
       (53, false, 'did you went'),
       (54, true, 'did you go'),
       (55, false, 'was you go'),
       (56, true, 'have to'),
       (57, false, 'can'),
       (58, false, 'are'),
       (59, false, 'may'),
       (60, false, 'badly'),
       (61, false, 'bad'),
       (62, false, 'good'),
       (63, true, 'well'),
       (64, false, 'never been'),
       (65, false, 'never was'),
       (66, true, 'have never been'),
       (67, false, 'wasn\'t ever'),
       (68, true, 'has already bought'),
       (69, false, 'already bought'),
       (70, false, 'is already bought'),
       (71, false, 'already buys'),
       (72, false, 'should'),
       (73, true, 'might'),
       (74, false, 'would'),
       (75, false, 'is'),
       (76, false, 'speak'),
       (77, false, 'speaking'),
       (78, false, 'speaks'),
       (79, true, 'was speaking'),
       (80, true, 'gave me a camera'),
       (81, false, 'gave to me a camera'),
       (82, false, 'gave a camera me'),
       (83, false, 'me gave a camera'),
       (84, false, 'she'),
       (85, true, 'who'),
       (86, false, 'which'),
       (87, false, 'than'),
       (88, false, 'gooder'),
       (89, false, 'well'),
       (90, false, 'good'),
       (91, true, 'better'),
       (92, false, 'was working'),
       (93, false, 'works'),
       (94, true, 'has been working'),
       (95, false, 'will work'),
       (96, true, 'to be patient'),
       (97, false, 'be patient'),
       (98, false, 'that be patient'),
       (99, false, 'that I be patient'),
       (100, false, 'I was'),
       (101, false, 'I am'),
       (102, true, 'she was'),
       (103, false, 'she is'),
       (104, false, 'asks'),
       (105, true, 'ask'),
       (106, false, 'asked'),
       (107, false, 'will ask'),
       (108, false, 'as fast'),
       (109, true, 'faster'),
       (110, false, 'more fast'),
       (111, false, 'fast'),
       (112, false, 'Did you see'),
       (113, true, 'Have you seen'),
       (114, false, 'Will you see'),
       (115, false, 'Do you see'),
       (116, false, 'use eat'),
       (117, false, 'eat'),
       (118, true, 'used to eat'),
       (119, false, 'am used to eat'),
       (120, true, 'was built'),
       (121, false, 'has built'),
       (122, false, 'built'),
       (123, false, 'is built'),
       (124, true, 'living'),
       (125, false, 'to live'),
       (126, false, 'having living'),
       (127, false, 'when lived'),
       (128, false, 'to go'),
       (129, true, 'go'),
       (130, false, 'going'),
       (131, false, 'went'),
       (132, false, 'gets'),
       (133, true, 'get'),
       (134, false, 'will get'),
       (135, false, 'shall get'),
       (136, true, 'I\'d buy'),
       (137, false, 'I buy'),
       (138, false, 'I\'ll buy'),
       (139, false, 'I had bought'),
       (140, false, 'have I'),
       (141, true, 'if I have'),
       (142, false, 'if I had'),
       (143, false, 'If I'),
       (144, false, 'eating'),
       (145, true, 'had eaten'),
       (146, false, 'have eaten'),
       (147, false, 'were eating'),
       (148, false, 'laughing'),
       (149, false, 'laughter'),
       (150, false, 'to laugh'),
       (151, true, 'laugh'),
       (152, false, 'give'),
       (153, true, 'giving'),
       (154, false, 'to give'),
       (155, false, 'having given'),
       (156, false, 'go'),
       (157, false, 'to go'),
       (158, true, 'going'),
       (159, false, 'we go'),
       (160, true, 'will be'),
       (161, false, 'will'),
       (162, false, 'will have been'),
       (163, false, 'will have'),
       (164, true, 'had'),
       (165, false, 'have'),
       (166, false, 'will have'),
       (167, false, 'would have'),
       (168, false, 'had washed'),
       (169, false, 'has washed'),
       (170, true, 'should have washed'),
       (171, false, 'would wash'),
       (172, true, 'had'),
       (173, false, 'would have'),
       (174, false, 'have'),
       (175, false, 'should have'),
       (176, true, 'Trafalgar Square was'),
       (177, false, 'is Trafalgar Square'),
       (178, false, 'Trafalgar Square'),
       (179, false, 'was Trafalgar Square'),
       (180, false, 'must have'),
       (181, true, 'must have been'),
       (182, false, 'had to'),
       (183, false, 'must to be'),
       (184, false, 'tiled the kitchen'),
       (185, true, 'the kitchen tiled'),
       (186, false, 'to tile the kitchen'),
       (187, false, 'tiled the kitchen'),
       (188, false, 'would call back'),
       (189, false, 'will call back'),
       (190, true, 'called back'),
       (191, false, 'had called back'),
       (192, false, 'will go'),
       (193, true, 'went'),
       (194, false, 'going'),
       (195, false, 'will have gone'),
       (196, false, 'would sleep'),
       (197, false, 'shall have slept'),
       (198, false, 'shall sleep'),
       (199, true, 'shall be sleeping');


INSERT IGNORE INTO englishbot.question_answers (question_id, answers_id)
VALUES (0, 0),
       (0, 1),
       (0, 2),
       (0, 3),
       (1, 4),
       (1, 5),
       (1, 6),
       (1, 7),
       (2, 8),
       (2, 9),
       (2, 10),
       (2, 11),
       (3, 12),
       (3, 13),
       (3, 14),
       (3, 15),
       (4, 16),
       (4, 17),
       (4, 18),
       (4, 19),
       (5, 20),
       (5, 21),
       (5, 22),
       (5, 23),
       (6, 24),
       (6, 25),
       (6, 26),
       (6, 27),
       (7, 28),
       (7, 29),
       (7, 30),
       (7, 31),
       (8, 32),
       (8, 33),
       (8, 34),
       (8, 35),
       (9, 36),
       (9, 37),
       (9, 38),
       (9, 39),
       (10, 40),
       (10, 41),
       (10, 42),
       (10, 43),
       (11, 44),
       (11, 45),
       (11, 46),
       (11, 47),
       (12, 48),
       (12, 49),
       (12, 50),
       (12, 51),
       (13, 52),
       (13, 53),
       (13, 54),
       (13, 55),
       (14, 56),
       (14, 57),
       (14, 58),
       (14, 59),
       (15, 60),
       (15, 61),
       (15, 62),
       (15, 63),
       (16, 64),
       (16, 65),
       (16, 66),
       (16, 67),
       (17, 68),
       (17, 69),
       (17, 70),
       (17, 71),
       (18, 72),
       (18, 73),
       (18, 74),
       (18, 75),
       (19, 76),
       (19, 77),
       (19, 78),
       (19, 79),
       (20, 80),
       (20, 81),
       (20, 82),
       (20, 83),
       (21, 84),
       (21, 85),
       (21, 86),
       (21, 87),
       (22, 88),
       (22, 89),
       (22, 90),
       (22, 91),
       (23, 92),
       (23, 93),
       (23, 94),
       (23, 95),
       (24, 96),
       (24, 97),
       (24, 98),
       (24, 99),
       (25, 100),
       (25, 101),
       (25, 102),
       (25, 103),
       (26, 104),
       (26, 105),
       (26, 106),
       (26, 107),
       (27, 108),
       (27, 109),
       (27, 110),
       (27, 111),
       (28, 112),
       (28, 113),
       (28, 114),
       (28, 115),
       (29, 116),
       (29, 117),
       (29, 118),
       (29, 119),
       (30, 120),
       (30, 121),
       (30, 122),
       (30, 123),
       (31, 124),
       (31, 125),
       (31, 126),
       (31, 127),
       (32, 128),
       (32, 129),
       (32, 130),
       (32, 131),
       (33, 132),
       (33, 133),
       (33, 134),
       (33, 135),
       (34, 136),
       (34, 137),
       (34, 138),
       (34, 139),
       (35, 140),
       (35, 141),
       (35, 142),
       (35, 143),
       (36, 144),
       (36, 145),
       (36, 146),
       (36, 147),
       (37, 148),
       (37, 149),
       (37, 150),
       (37, 151),
       (38, 152),
       (38, 153),
       (38, 154),
       (38, 155),
       (39, 156),
       (39, 157),
       (39, 158),
       (39, 159),
       (40, 160),
       (40, 161),
       (40, 162),
       (40, 163),
       (41, 164),
       (41, 165),
       (41, 166),
       (41, 167),
       (42, 168),
       (42, 169),
       (42, 170),
       (42, 171),
       (43, 172),
       (43, 173),
       (43, 174),
       (43, 175),
       (44, 176),
       (44, 177),
       (44, 178),
       (44, 179),
       (45, 180),
       (45, 181),
       (45, 182),
       (45, 183),
       (46, 184),
       (46, 185),
       (46, 186),
       (46, 187),
       (47, 188),
       (47, 189),
       (47, 190),
       (47, 191),
       (48, 192),
       (48, 193),
       (48, 194),
       (48, 195),
       (49, 196),
       (49, 197),
       (49, 198),
       (49, 199);
